<publishData>
  <publishTarget publishUrl="C:\Temp1\Hi\">
    <file relUrl="bin/Microsoft.Practices.ObjectBuilder.dll" publishTime="09/18/2013 10:55:16" />
    <file relUrl="bin/Microsoft.Practices.EnterpriseLibrary.Data.dll" publishTime="10/27/2008 10:11:36" />
    <file relUrl="bin/Microsoft.Practices.Unity.xml" publishTime="10/24/2008 17:03:22" />
    <file relUrl="wsF500Lists.asmx" publishTime="02/13/2009 19:41:02" />
    <file relUrl="bin/Microsoft.Practices.EnterpriseLibrary.Logging.xml" publishTime="09/18/2013 15:14:28" />
    <file relUrl="bin/TimeInc.Fortune.F500Lists.CommonLibrary.dll" publishTime="08/07/2015 11:02:47" />
    <file relUrl="bin/Microsoft.Practices.EnterpriseLibrary.Common.dll" publishTime="10/27/2008 10:11:50" />
    <file relUrl="bin/Microsoft.Practices.EnterpriseLibrary.Security.xml" publishTime="10/27/2008 10:05:16" />
    <file relUrl="bin/Microsoft.Practices.EnterpriseLibrary.Common.xml" publishTime="10/27/2008 10:04:34" />
    <file relUrl="bin/Microsoft.Practices.EnterpriseLibrary.Security.dll" publishTime="10/27/2008 10:11:32" />
    <file relUrl="bin/TimeInc.Fortune.F500Lists.CommonLibrary.pdb" publishTime="08/07/2015 11:02:47" />
    <file relUrl="Global.asax" publishTime="02/13/2009 19:41:02" />
    <file relUrl="bin/Microsoft.Practices.EnterpriseLibrary.Data.xml" publishTime="10/27/2008 10:04:48" />
    <file relUrl="bin/TimeInc.FortuneF500Lists.WebService.pdb" publishTime="08/07/2015 11:02:48" />
    <file relUrl="bin/TimeInc.FortuneF500Lists.WebService.xml" publishTime="08/07/2015 11:02:48" />
    <file relUrl="Web.config" publishTime="08/07/2015 11:02:44" />
    <file relUrl="bin/Microsoft.Practices.EnterpriseLibrary.Logging.dll" publishTime="09/18/2013 15:14:28" />
    <file relUrl="bin/Microsoft.Practices.ObjectBuilder2.dll" publishTime="10/24/2008 17:03:22" />
    <file relUrl="bin/Microsoft.Practices.Unity.dll" publishTime="10/24/2008 17:03:22" />
    <file relUrl="bin/TimeInc.Fortune.F500Lists.CommonLibrary.xml" publishTime="08/07/2015 11:02:47" />
    <file relUrl="bin/TimeInc.FortuneF500Lists.WebService.dll" publishTime="08/07/2015 11:02:48" />
    <file relUrl="bin/Microsoft.Practices.ObjectBuilder2.xml" publishTime="10/24/2008 17:03:22" />
    <file relUrl="bin/Microsoft.Practices.ObjectBuilder.xml" publishTime="09/18/2013 10:55:16" />
  </publishTarget>
  <publishTarget publishUrl="C:\Users\thotak\Downloads\Web service After migration\">
    <file relUrl="bin/Microsoft.Practices.ObjectBuilder.dll" publishTime="09/18/2013 10:55:16" />
    <file relUrl="bin/Microsoft.Practices.EnterpriseLibrary.Data.dll" publishTime="09/18/2013 15:14:26" />
    <file relUrl="bin/Microsoft.Practices.Unity.xml" publishTime="10/24/2008 17:03:22" />
    <file relUrl="wsF500Lists.asmx" publishTime="02/13/2009 19:41:02" />
    <file relUrl="bin/Microsoft.Practices.EnterpriseLibrary.Logging.xml" publishTime="09/18/2013 15:14:28" />
    <file relUrl="bin/TimeInc.Fortune.F500Lists.CommonLibrary.dll" publishTime="10/25/2013 10:42:23" />
    <file relUrl="bin/Microsoft.Practices.EnterpriseLibrary.Common.dll" publishTime="09/18/2013 15:14:17" />
    <file relUrl="bin/Microsoft.Practices.EnterpriseLibrary.Security.xml" publishTime="09/18/2013 15:14:31" />
    <file relUrl="bin/Microsoft.Practices.EnterpriseLibrary.Common.xml" publishTime="09/18/2013 15:14:16" />
    <file relUrl="bin/Microsoft.Practices.EnterpriseLibrary.Security.dll" publishTime="09/18/2013 15:14:31" />
    <file relUrl="bin/TimeInc.Fortune.F500Lists.CommonLibrary.pdb" publishTime="10/25/2013 10:42:23" />
    <file relUrl="Global.asax" publishTime="02/13/2009 19:41:02" />
    <file relUrl="bin/Microsoft.Practices.EnterpriseLibrary.Data.xml" publishTime="09/18/2013 15:14:25" />
    <file relUrl="bin/TimeInc.FortuneF500Lists.WebService.pdb" publishTime="10/25/2013 10:42:27" />
    <file relUrl="bin/TimeInc.FortuneF500Lists.WebService.xml" publishTime="10/25/2013 10:42:27" />
    <file relUrl="Web.config" publishTime="09/18/2013 00:45:17" />
    <file relUrl="bin/Microsoft.Practices.EnterpriseLibrary.Logging.dll" publishTime="09/18/2013 15:14:28" />
    <file relUrl="bin/Microsoft.Practices.ObjectBuilder2.dll" publishTime="10/24/2008 17:03:22" />
    <file relUrl="bin/Microsoft.Practices.Unity.dll" publishTime="10/24/2008 17:03:22" />
    <file relUrl="bin/TimeInc.Fortune.F500Lists.CommonLibrary.xml" publishTime="10/25/2013 10:42:23" />
    <file relUrl="bin/TimeInc.FortuneF500Lists.WebService.dll" publishTime="10/25/2013 10:42:27" />
    <file relUrl="bin/Microsoft.Practices.ObjectBuilder2.xml" publishTime="10/24/2008 17:03:22" />
    <file relUrl="bin/Microsoft.Practices.ObjectBuilder.xml" publishTime="09/18/2013 10:55:16" />
  </publishTarget>
  <publishTarget publishUrl="C:\Web service After migration\">
    <file relUrl="bin/Microsoft.Practices.ObjectBuilder.dll" publishTime="10/12/2011 08:36:07" />
    <file relUrl="bin/Microsoft.Practices.EnterpriseLibrary.Data.dll" publishTime="10/27/2008 10:11:36" />
    <file relUrl="wsF500Lists.asmx" publishTime="02/13/2009 09:11:02" />
    <file relUrl="bin/Microsoft.Practices.EnterpriseLibrary.Logging.xml" publishTime="10/27/2008 10:05:06" />
    <file relUrl="bin/TimeInc.Fortune.F500Lists.CommonLibrary.dll" publishTime="06/24/2013 02:47:30" />
    <file relUrl="bin/Microsoft.Practices.EnterpriseLibrary.Common.dll" publishTime="10/27/2008 10:11:50" />
    <file relUrl="bin/Microsoft.Practices.EnterpriseLibrary.Security.xml" publishTime="10/27/2008 10:05:16" />
    <file relUrl="bin/Microsoft.Practices.EnterpriseLibrary.Common.xml" publishTime="10/27/2008 10:04:34" />
    <file relUrl="bin/Microsoft.Practices.EnterpriseLibrary.Security.dll" publishTime="10/27/2008 10:11:32" />
    <file relUrl="bin/TimeInc.Fortune.F500Lists.CommonLibrary.pdb" publishTime="06/24/2013 02:47:30" />
    <file relUrl="Global.asax" publishTime="02/13/2009 09:11:02" />
    <file relUrl="bin/Microsoft.Practices.EnterpriseLibrary.Data.xml" publishTime="10/27/2008 10:04:48" />
    <file relUrl="bin/TimeInc.FortuneF500Lists.WebService.pdb" publishTime="06/24/2013 02:47:31" />
    <file relUrl="bin/TimeInc.FortuneF500Lists.WebService.xml" publishTime="06/24/2013 02:47:31" />
    <file relUrl="Web.config" publishTime="06/24/2013 02:45:54" />
    <file relUrl="bin/Microsoft.Practices.EnterpriseLibrary.Logging.dll" publishTime="10/27/2008 10:11:50" />
    <file relUrl="bin/Microsoft.Practices.ObjectBuilder2.dll" publishTime="10/24/2008 17:03:22" />
    <file relUrl="bin/Microsoft.Practices.Unity.dll" publishTime="10/24/2008 17:03:22" />
    <file relUrl="bin/TimeInc.Fortune.F500Lists.CommonLibrary.xml" publishTime="06/24/2013 02:47:30" />
    <file relUrl="bin/TimeInc.FortuneF500Lists.WebService.dll" publishTime="06/24/2013 02:47:31" />
  </publishTarget>
  <publishTarget publishUrl="C:\chris\Web service After migration\">
    <file relUrl="bin/Microsoft.Practices.ObjectBuilder.dll" publishTime="10/12/2011 08:36:07" />
    <file relUrl="bin/Microsoft.Practices.EnterpriseLibrary.Data.dll" publishTime="10/27/2008 10:11:36" />
    <file relUrl="wsF500Lists.asmx" publishTime="02/13/2009 09:11:02" />
    <file relUrl="bin/Microsoft.Practices.EnterpriseLibrary.Logging.xml" publishTime="10/27/2008 10:05:06" />
    <file relUrl="bin/TimeInc.Fortune.F500Lists.CommonLibrary.dll" publishTime="05/23/2013 08:09:16" />
    <file relUrl="bin/Microsoft.Practices.EnterpriseLibrary.Common.dll" publishTime="10/27/2008 10:11:50" />
    <file relUrl="bin/Microsoft.Practices.EnterpriseLibrary.Security.xml" publishTime="10/27/2008 10:05:16" />
    <file relUrl="bin/Microsoft.Practices.EnterpriseLibrary.Common.xml" publishTime="10/27/2008 10:04:34" />
    <file relUrl="bin/Microsoft.Practices.EnterpriseLibrary.Security.dll" publishTime="10/27/2008 10:11:32" />
    <file relUrl="bin/TimeInc.Fortune.F500Lists.CommonLibrary.pdb" publishTime="05/23/2013 08:09:16" />
    <file relUrl="Global.asax" publishTime="02/13/2009 09:11:02" />
    <file relUrl="bin/Microsoft.Practices.EnterpriseLibrary.Data.xml" publishTime="10/27/2008 10:04:48" />
    <file relUrl="bin/TimeInc.FortuneF500Lists.WebService.pdb" publishTime="05/23/2013 08:09:37" />
    <file relUrl="bin/TimeInc.FortuneF500Lists.WebService.xml" publishTime="05/23/2013 08:09:37" />
    <file relUrl="Web.config" publishTime="12/11/2012 02:38:34" />
    <file relUrl="bin/Microsoft.Practices.EnterpriseLibrary.Logging.dll" publishTime="10/27/2008 10:11:50" />
    <file relUrl="bin/Microsoft.Practices.ObjectBuilder2.dll" publishTime="10/24/2008 17:03:22" />
    <file relUrl="bin/Microsoft.Practices.Unity.dll" publishTime="10/24/2008 17:03:22" />
    <file relUrl="bin/TimeInc.Fortune.F500Lists.CommonLibrary.xml" publishTime="05/23/2013 08:09:16" />
    <file relUrl="bin/TimeInc.FortuneF500Lists.WebService.dll" publishTime="05/23/2013 08:09:37" />
  </publishTarget>
  <publishTarget publishUrl="C:\chris\before migration\">
    <file relUrl="bin/Microsoft.Practices.ObjectBuilder.dll" publishTime="10/12/2011 08:36:07" />
    <file relUrl="bin/Microsoft.Practices.EnterpriseLibrary.Data.dll" publishTime="10/12/2011 08:36:29" />
    <file relUrl="wsF500Lists.asmx" publishTime="02/13/2009 09:11:02" />
    <file relUrl="bin/Microsoft.Practices.EnterpriseLibrary.Logging.xml" publishTime="10/12/2011 08:36:26" />
    <file relUrl="bin/TimeInc.Fortune.F500Lists.CommonLibrary.dll" publishTime="05/22/2012 07:11:25" />
    <file relUrl="Web.config" publishTime="05/21/2012 08:28:44" />
    <file relUrl="bin/Microsoft.Practices.EnterpriseLibrary.Common.dll" publishTime="10/12/2011 08:36:15" />
    <file relUrl="bin/Microsoft.Practices.EnterpriseLibrary.Security.xml" publishTime="10/12/2011 08:36:17" />
    <file relUrl="bin/Microsoft.Practices.EnterpriseLibrary.Common.xml" publishTime="10/12/2011 08:36:15" />
    <file relUrl="bin/Microsoft.Practices.EnterpriseLibrary.Security.dll" publishTime="10/12/2011 08:36:17" />
    <file relUrl="bin/TimeInc.Fortune.F500Lists.CommonLibrary.pdb" publishTime="05/22/2012 07:11:25" />
    <file relUrl="Global.asax" publishTime="02/13/2009 09:11:02" />
    <file relUrl="bin/Microsoft.Practices.EnterpriseLibrary.Data.xml" publishTime="10/12/2011 08:36:29" />
    <file relUrl="bin/TimeInc.FortuneF500Lists.WebService.pdb" publishTime="05/22/2012 07:11:57" />
    <file relUrl="bin/TimeInc.FortuneF500Lists.WebService.xml" publishTime="05/22/2012 07:11:57" />
    <file relUrl="bin/Microsoft.Practices.ObjectBuilder.xml" publishTime="10/12/2011 08:36:07" />
    <file relUrl="bin/Microsoft.Practices.EnterpriseLibrary.Logging.dll" publishTime="10/12/2011 08:36:27" />
    <file relUrl="bin/TimeInc.Fortune.F500Lists.CommonLibrary.xml" publishTime="05/22/2012 07:11:25" />
    <file relUrl="bin/TimeInc.FortuneF500Lists.WebService.dll" publishTime="05/22/2012 07:11:57" />
  </publishTarget>
  <publishTarget publishUrl="C:\publishedWebService\TimeInc.Fortune.F500Lists.WebService\">
    <file relUrl="bin/Microsoft.Practices.ObjectBuilder.dll" publishTime="10/12/2011 08:36:07" />
    <file relUrl="bin/Microsoft.Practices.EnterpriseLibrary.Data.dll" publishTime="10/12/2011 08:36:29" />
    <file relUrl="wsF500Lists.asmx" publishTime="02/13/2009 09:11:02" />
    <file relUrl="bin/Microsoft.Practices.EnterpriseLibrary.Logging.xml" publishTime="10/12/2011 08:36:26" />
    <file relUrl="bin/TimeInc.Fortune.F500Lists.CommonLibrary.dll" publishTime="05/22/2012 03:39:48" />
    <file relUrl="Web.config" publishTime="05/21/2012 08:28:44" />
    <file relUrl="bin/Microsoft.Practices.EnterpriseLibrary.Common.dll" publishTime="10/12/2011 08:36:15" />
    <file relUrl="bin/Microsoft.Practices.EnterpriseLibrary.Security.xml" publishTime="10/12/2011 08:36:17" />
    <file relUrl="bin/Microsoft.Practices.EnterpriseLibrary.Common.xml" publishTime="10/12/2011 08:36:15" />
    <file relUrl="bin/Microsoft.Practices.EnterpriseLibrary.Security.dll" publishTime="10/12/2011 08:36:17" />
    <file relUrl="bin/TimeInc.Fortune.F500Lists.CommonLibrary.pdb" publishTime="05/22/2012 03:39:48" />
    <file relUrl="Global.asax" publishTime="02/13/2009 09:11:02" />
    <file relUrl="bin/Microsoft.Practices.EnterpriseLibrary.Data.xml" publishTime="10/12/2011 08:36:29" />
    <file relUrl="bin/TimeInc.FortuneF500Lists.WebService.pdb" publishTime="05/22/2012 03:39:50" />
    <file relUrl="bin/TimeInc.FortuneF500Lists.WebService.xml" publishTime="05/22/2012 03:39:50" />
    <file relUrl="bin/Microsoft.Practices.ObjectBuilder.xml" publishTime="10/12/2011 08:36:07" />
    <file relUrl="bin/Microsoft.Practices.EnterpriseLibrary.Logging.dll" publishTime="10/12/2011 08:36:27" />
    <file relUrl="bin/TimeInc.Fortune.F500Lists.CommonLibrary.xml" publishTime="05/22/2012 03:39:48" />
    <file relUrl="bin/TimeInc.FortuneF500Lists.WebService.dll" publishTime="05/22/2012 03:39:50" />
  </publishTarget>
  <publishTarget publishUrl="C:\chris\TimeInc.Fortune.F500Lists.WebService\">
    <file relUrl="bin/Microsoft.Practices.ObjectBuilder.dll" publishTime="10/12/2011 08:36:07" />
    <file relUrl="bin/Microsoft.Practices.EnterpriseLibrary.Data.dll" publishTime="10/12/2011 08:36:29" />
    <file relUrl="wsF500Lists.asmx" publishTime="02/13/2009 09:11:02" />
    <file relUrl="bin/Microsoft.Practices.EnterpriseLibrary.Logging.xml" publishTime="10/12/2011 08:36:26" />
    <file relUrl="bin/TimeInc.Fortune.F500Lists.CommonLibrary.dll" publishTime="05/21/2012 09:39:36" />
    <file relUrl="Web.config" publishTime="05/21/2012 08:28:44" />
    <file relUrl="bin/Microsoft.Practices.EnterpriseLibrary.Common.dll" publishTime="10/12/2011 08:36:15" />
    <file relUrl="bin/Microsoft.Practices.EnterpriseLibrary.Security.xml" publishTime="10/12/2011 08:36:17" />
    <file relUrl="bin/Microsoft.Practices.EnterpriseLibrary.Common.xml" publishTime="10/12/2011 08:36:15" />
    <file relUrl="bin/Microsoft.Practices.EnterpriseLibrary.Security.dll" publishTime="10/12/2011 08:36:17" />
    <file relUrl="bin/TimeInc.Fortune.F500Lists.CommonLibrary.pdb" publishTime="05/21/2012 09:39:36" />
    <file relUrl="Global.asax" publishTime="02/13/2009 09:11:02" />
    <file relUrl="bin/Microsoft.Practices.EnterpriseLibrary.Data.xml" publishTime="10/12/2011 08:36:29" />
    <file relUrl="bin/TimeInc.FortuneF500Lists.WebService.pdb" publishTime="05/21/2012 09:39:37" />
    <file relUrl="bin/TimeInc.FortuneF500Lists.WebService.xml" publishTime="05/21/2012 09:39:37" />
    <file relUrl="bin/Microsoft.Practices.ObjectBuilder.xml" publishTime="10/12/2011 08:36:07" />
    <file relUrl="bin/Microsoft.Practices.EnterpriseLibrary.Logging.dll" publishTime="10/12/2011 08:36:27" />
    <file relUrl="bin/TimeInc.Fortune.F500Lists.CommonLibrary.xml" publishTime="05/21/2012 09:39:36" />
    <file relUrl="bin/TimeInc.FortuneF500Lists.WebService.dll" publishTime="05/21/2012 09:39:37" />
  </publishTarget>
  <publishTarget publishUrl="C:\Inetpub\wwwroot\TimeInc.Fortune.F500Lists.WebService\">
    <file relUrl="Global.asax" publishTime="02/13/2009 09:11:02" />
    <file relUrl="bin/TimeInc.Fortune.F500Lists.CommonLibrary.pdb" publishTime="04/02/2012 09:49:42" />
    <file relUrl="bin/TimeInc.Fortune.F500Lists.CommonLibrary.dll" publishTime="04/02/2012 09:49:42" />
    <file relUrl="wsF500Lists.asmx" publishTime="02/13/2009 09:11:02" />
    <file relUrl="bin/Microsoft.Practices.ObjectBuilder.dll" publishTime="01/03/2012 04:45:53" />
    <file relUrl="Web.config" publishTime="04/02/2012 09:49:22" />
    <file relUrl="bin/Microsoft.Practices.EnterpriseLibrary.Logging.dll" publishTime="01/03/2012 04:46:50" />
    <file relUrl="bin/Microsoft.Practices.EnterpriseLibrary.Security.dll" publishTime="01/03/2012 04:46:15" />
    <file relUrl="bin/TimeInc.FortuneF500Lists.WebService.xml" publishTime="04/02/2012 09:49:44" />
    <file relUrl="bin/TimeInc.FortuneF500Lists.WebService.pdb" publishTime="04/02/2012 09:49:44" />
    <file relUrl="bin/TimeInc.FortuneF500Lists.WebService.dll" publishTime="04/02/2012 09:49:44" />
    <file relUrl="bin/Microsoft.Practices.EnterpriseLibrary.Data.dll" publishTime="01/03/2012 04:46:57" />
    <file relUrl="bin/TimeInc.Fortune.F500Lists.CommonLibrary.xml" publishTime="04/02/2012 09:49:42" />
    <file relUrl="bin/Microsoft.Practices.EnterpriseLibrary.Common.dll" publishTime="01/03/2012 04:46:05" />
  </publishTarget>
  <publishTarget publishUrl="C:\fortune500\F500 WebService\">
    <file relUrl="Global.asax" publishTime="02/13/2009 09:11:02" />
    <file relUrl="bin/TimeInc.Fortune.F500Lists.CommonLibrary.pdb" publishTime="02/23/2012 05:28:29" />
    <file relUrl="bin/TimeInc.Fortune.F500Lists.CommonLibrary.dll" publishTime="02/23/2012 05:28:29" />
    <file relUrl="bin/Microsoft.Practices.ObjectBuilder.dll" publishTime="01/03/2012 04:45:53" />
    <file relUrl="bin/Microsoft.Practices.EnterpriseLibrary.Common.dll" publishTime="01/03/2012 04:46:05" />
    <file relUrl="Web.config" publishTime="02/20/2012 05:00:31" />
    <file relUrl="wsF500Lists.asmx" publishTime="02/13/2009 09:11:02" />
    <file relUrl="bin/Microsoft.Practices.EnterpriseLibrary.Security.dll" publishTime="01/03/2012 04:46:15" />
    <file relUrl="bin/TimeInc.FortuneF500Lists.WebService.xml" publishTime="02/23/2012 05:28:29" />
    <file relUrl="bin/TimeInc.FortuneF500Lists.WebService.pdb" publishTime="02/23/2012 05:28:29" />
    <file relUrl="bin/TimeInc.FortuneF500Lists.WebService.dll" publishTime="02/23/2012 05:28:29" />
    <file relUrl="bin/Microsoft.Practices.EnterpriseLibrary.Data.dll" publishTime="01/03/2012 04:46:57" />
    <file relUrl="bin/TimeInc.Fortune.F500Lists.CommonLibrary.xml" publishTime="02/23/2012 05:28:29" />
    <file relUrl="bin/Microsoft.Practices.EnterpriseLibrary.Logging.dll" publishTime="01/03/2012 04:46:50" />
  </publishTarget>
  <publishTarget publishUrl="O:\USERDATA\niveditha\F500 WebService\">
    <file relUrl="bin/TimeInc.Fortune.F500Lists.CommonLibrary.pdb" publishTime="02/23/2012 04:34:35" />
    <file relUrl="bin/TimeInc.FortuneF500Lists.WebService.dll" publishTime="02/23/2012 04:34:36" />
    <file relUrl="bin/Microsoft.Practices.EnterpriseLibrary.Common.dll" publishTime="01/03/2012 04:46:05" />
    <file relUrl="Web.config" publishTime="02/20/2012 05:00:31" />
    <file relUrl="bin/TimeInc.FortuneF500Lists.WebService.xml" publishTime="02/23/2012 04:34:36" />
    <file relUrl="wsF500Lists.asmx" publishTime="02/13/2009 09:11:02" />
    <file relUrl="bin/Microsoft.Practices.EnterpriseLibrary.Security.dll" publishTime="01/03/2012 04:46:15" />
    <file relUrl="bin/TimeInc.Fortune.F500Lists.CommonLibrary.dll" publishTime="02/23/2012 04:34:35" />
    <file relUrl="bin/TimeInc.FortuneF500Lists.WebService.pdb" publishTime="02/23/2012 04:34:36" />
    <file relUrl="bin/Microsoft.Practices.ObjectBuilder.dll" publishTime="01/03/2012 04:45:53" />
    <file relUrl="bin/Microsoft.Practices.EnterpriseLibrary.Data.dll" publishTime="01/03/2012 04:46:57" />
    <file relUrl="Global.asax" publishTime="02/13/2009 09:11:02" />
    <file relUrl="bin/Microsoft.Practices.EnterpriseLibrary.Logging.dll" publishTime="01/03/2012 04:46:50" />
    <file relUrl="bin/TimeInc.Fortune.F500Lists.CommonLibrary.xml" publishTime="02/23/2012 04:34:35" />
  </publishTarget>
</publishData>